clip_id,clip_path,pred_engagement,true_engagement,prob_class_0,prob_class_1,prob_class_2,prob_class_3
0,/Users/jeetashwar/Downloads/DAiSEE/DataSet/Test/500044/5000441001/5000441001.avi,0,2,0.43572143,0.2734119,0.125,0.16586667
1,/Users/jeetashwar/Downloads/DAiSEE/DataSet/Test/500044/5000441002/5000441002.avi,0,2,0.55322856,0.25457144,0.023,0.16919999
2,/Users/jeetashwar/Downloads/DAiSEE/DataSet/Test/500044/5000441003/5000441003.avi,1,2,0.23404999,0.2920357,0.2577143,0.2162
3,/Users/jeetashwar/Downloads/DAiSEE/DataSet/Test/500044/5000441005/5000441005.avi,0,2,0.32147858,0.20946428,0.18440476,0.28465238
4,/Users/jeetashwar/Downloads/DAiSEE/DataSet/Test/500044/5000441006/5000441006.avi,0,2,0.39557144,0.2468619,0.21403334,0.14353332
5,/Users/jeetashwar/Downloads/DAiSEE/DataSet/Test/500044/5000441007/5000441007.avi,1,2,0.10222142,0.30140713,0.2967857,0.2995857
6,/Users/jeetashwar/Downloads/DAiSEE/DataSet/Test/500044/5000441008/5000441008.avi,3,2,0.2888,0.24489999,0.1596,0.3067
7,/Users/jeetashwar/Downloads/DAiSEE/DataSet/Test/500044/5000441009/5000441009.avi,0,3,0.28302142,0.25727382,0.22000475,0.23969999
8,/Users/jeetashwar/Downloads/DAiSEE/DataSet/Test/500044/5000441010/5000441010.avi,2,2,0.07567143,0.17255715,0.47504762,0.2767238
9,/Users/jeetashwar/Downloads/DAiSEE/DataSet/Test/500044/5000441012/5000441012.avi,2,2,0.09387143,0.24890476,0.37916666,0.27805716
